SELECT * FROM INFORMATION_SCHEMA.TABLES;

--create sequence hibernate_sequence start with 1 increment by 1;

insert IGNORE into location (id, country, state) values (1, 'United States', 'Alabama');
insert IGNORE into location (id, country, state) values (2, 'United States', 'Alaska');
insert IGNORE into location (id, country, state) values (3, 'United States', 'Arizona');
insert IGNORE into location (id, country, state) values (4, 'United States', 'Arkansas');
insert IGNORE into location (id, country, state) values (5, 'United States', 'California');
insert IGNORE into location (id, country, state) values (6, 'United States', 'Colorado');
insert IGNORE into location (id, country, state) values (7, 'United States', 'Connecticut');
insert IGNORE into location (id, country, state) values (8, 'United States', 'Delaware');
insert IGNORE into location (id, country, state) values (9, 'United States', 'Florida');
insert IGNORE into location (id, country, state) values (10, 'United States', 'Georgia');
insert IGNORE into location (id, country, state) values (11, 'United States', 'Hawaii');
insert IGNORE into location (id, country, state) values (12, 'United States', 'Idaho');
insert IGNORE into location (id, country, state) values (13, 'United States', 'Illinois');
insert IGNORE into location (id, country, state) values (14, 'United States', 'Indiana');
insert IGNORE into location (id, country, state) values (15, 'United States', 'Iowa');
insert IGNORE into location (id, country, state) values (16, 'United States', 'Kansas');
insert IGNORE into location (id, country, state) values (17, 'United States', 'Kentucky');
insert IGNORE into location (id, country, state) values (18, 'United States', 'Louisiana');
insert IGNORE into location (id, country, state) values (19, 'United States', 'Maine');
insert IGNORE into location (id, country, state) values (20, 'United States', 'Maryland');
insert IGNORE into location (id, country, state) values (21, 'United States', 'Massachusetts');
insert IGNORE into location (id, country, state) values (22, 'United States', 'Michigan');
insert IGNORE into location (id, country, state) values (23, 'United States', 'Minnesota');
insert IGNORE into location (id, country, state) values (24, 'United States', 'Mississippi');
insert IGNORE into location (id, country, state) values (25, 'United States', 'Missouri');
insert IGNORE into location (id, country, state) values (26, 'United States', 'Montana');
insert IGNORE into location (id, country, state) values (27, 'United States', 'Nebraska');
insert IGNORE into location (id, country, state) values (28, 'United States', 'Nevada');
insert IGNORE into location (id, country, state) values (29, 'United States', 'New Hampshire');
insert IGNORE into location (id, country, state) values (30, 'United States', 'New Jersey');
insert IGNORE into location (id, country, state) values (31, 'United States', 'New Mexico');
insert IGNORE into location (id, country, state) values (32, 'United States', 'New York');
insert IGNORE into location (id, country, state) values (33, 'United States', 'North Carolina');
insert IGNORE into location (id, country, state) values (34, 'United States', 'North Dakota');
insert IGNORE into location (id, country, state) values (35, 'United States', 'Ohio');
insert IGNORE into location (id, country, state) values (36, 'United States', 'Oklahoma');
insert IGNORE into location (id, country, state) values (37, 'United States', 'Oregon');
insert IGNORE into location (id, country, state) values (38, 'United States', 'Pennsylvania');
insert IGNORE into location (id, country, state) values (39, 'United States', 'Rhode Island');
insert IGNORE into location (id, country, state) values (40, 'United States', 'South Carolina');
insert IGNORE into location (id, country, state) values (41, 'United States', 'South Dakota');
insert IGNORE into location (id, country, state) values (42, 'United States', 'Tennessee');
insert IGNORE into location (id, country, state) values (43, 'United States', 'Texas');
insert IGNORE into location (id, country, state) values (44, 'United States', 'Utah');
insert IGNORE into location (id, country, state) values (45, 'United States', 'Vermont');
insert IGNORE into location (id, country, state) values (46, 'United States', 'Virginia');
insert IGNORE into location (id, country, state) values (47, 'United States', 'Washington');
insert IGNORE into location (id, country, state) values (48, 'United States', 'West Virginia');
insert IGNORE into location (id, country, state) values (49, 'United States', 'Wisconsin');
insert IGNORE into location (id, country, state) values (50, 'United States', 'Wyoming');

insert IGNORE into manufacturer (id, name, location_id, average_yearly_sales, founded_date) values (1, 'Fender Musical Instruments Corporation', 3, 25000000, '1946-01-01');
insert IGNORE into manufacturer (id, name, location_id, average_yearly_sales, founded_date) values (2, 'Gibson Guitar Corporation', 42, 32000000, '1902-01-01');

insert IGNORE into model_type (id, name) values (1, 'Dreadnought Acoustic');
insert IGNORE into model_type (id, name) values (2, 'Nylon String Acoustic');
insert IGNORE into model_type (id, name) values (3, 'Acoustic Electric');
insert IGNORE into model_type (id, name) values (4, 'Electric');
insert IGNORE into model_type (id, name) values (5, 'Hollow Body Electric');
insert IGNORE into model_type (id, name) values (6, 'Semi-Hollow Body Electric');
insert IGNORE into model_type (id, name) values (7, 'Bass');

insert IGNORE into model (id, name, manufacturer_id, modeltype_id, price, wood_type, year_first_made, frets) values (1, 'American Stratocaster', 1, 4, 1000, 'Maple, Alder, Ash, Popular', '1954-01-01', 21);
insert IGNORE into model (id, name, manufacturer_id, modeltype_id, price, wood_type, year_first_made, frets) values (2, 'American Telecaster', 1, 4, 800, 'Maple, Alder, Ash, Pine', '1950-01-01', 22);
insert IGNORE into model (id, name, manufacturer_id, modeltype_id, price, wood_type, year_first_made, frets) values (3, 'King', 1, 1, 600, 'Variety of high quality woods', '1963-01-01', 19);
insert IGNORE into model (id, name, manufacturer_id, modeltype_id, price, wood_type, year_first_made, frets) values (4, 'Precision Bass', 1, 7, 900, 'Alder and Ash', '1951-01-01', 21);

insert IGNORE into model (id, name, manufacturer_id, modeltype_id, price, wood_type, year_first_made, frets) values (5, 'Les Paul', 2, 4, 1600, 'Mahogany and Maple', '1952-01-01', 22);
insert IGNORE into model (id, name, manufacturer_id, modeltype_id, price, wood_type, year_first_made, frets) values (6, 'SG', 2, 4, 1200, 'Mahogany, Birch and Maple', '1961-01-01', 22);
insert IGNORE into model (id, name, manufacturer_id, modeltype_id, price, wood_type, year_first_made, frets) values (7, 'ES-335', 2, 6, 2200, 'Maple and Rosewood', '1958-01-01', 22);
insert IGNORE into model (id, name, manufacturer_id, modeltype_id, price, wood_type, year_first_made, frets) values (8, 'Hummingbird', 2, 1, 900, 'Spruce and Mahogany', '1960-01-01', 20);
insert IGNORE into model (id, name, manufacturer_id, modeltype_id, price, wood_type, year_first_made, frets) values (9, 'Thunderbird', 2, 7, 1500, 'Mahogany', '1963-01-01', 22);
